Frame,Timestamp,MP,PIP,DIP,AccScore
1,1755,183,169,171,0
2,1792,183,165,172,0
3,1831,184,164,170,0
4,1866,182,165,173,0
5,1903,183,166,172,0
6,1939,181,168,173,0
7,1975,180,171,176,0
8,2013,179,173,177,1
9,2054,178,174,178,3
10,2092,178,175,178,3
11,2128,177,175,179,4
12,2167,177,176,179,4
13,2204,176,176,180,5
14,2240,176,176,179,5
15,2277,175,177,180,7
16,2319,173,178,181,9
17,2355,172,179,181,11
18,2400,167,180,182,17
19,2441,165,181,182,20
20,2484,160,180,182,27
21,2517,152,179,180,37
22,2555,148,179,180,43
23,2596,143,178,178,49
24,2637,141,177,177,52
25,2690,139,176,177,55
26,2730,135,177,177,60
27,2771,134,175,177,61
28,2806,130,177,178,67
29,2850,126,177,179,72
30,2888,127,175,178,71
31,2932,123,173,177,76
32,2968,122,174,177,77
33,3006,121,172,178,79
34,3042,119,171,178,81
35,3092,117,171,179,84
36,3132,114,169,181,88
37,3179,113,168,181,89
38,3223,112,165,182,91
39,3261,112,163,180,91
40,3302,113,162,180,89
41,3341,112,163,180,91
42,3379,112,163,180,91
43,3417,111,164,180,92
44,3451,112,166,179,91
45,3504,111,168,178,92
46,3543,111,167,178,92
47,3581,109,165,179,95
48,3620,108,164,179,96
49,3658,109,162,178,95
50,3696,109,162,177,95
51,3731,108,162,178,96
52,3769,108,161,182,96
53,3804,109,160,183,95
54,3840,110,202,184,93
55,3876,111,158,184,92
56,3917,110,229,187,93
57,3955,112,223,182,91
58,3991,119,236,189,81
59,4034,124,224,185,75
60,4077,135,164,184,60
61,4120,147,175,181,44
62,4163,152,177,180,37
63,4206,157,179,180,31
64,4242,160,179,180,27
65,4277,163,179,180,23
66,4328,165,180,181,20
67,4365,165,180,181,20
68,4397,166,181,181,19
69,4431,167,181,182,17
70,4465,167,181,182,17
71,4500,168,181,182,16
72,4537,168,181,183,16
73,4574,169,181,183,15
74,4608,170,181,183,13
75,4648,170,181,183,13
76,4685,171,181,182,12
77,4718,172,181,182,11
78,4754,172,181,182,11
79,4785,172,181,182,11
80,4820,172,181,182,11
81,4853,173,181,182,9
82,4902,173,181,182,9
83,4935,173,181,182,9
84,4970,173,182,182,9
85,5003,173,182,182,9
86,5036,173,182,182,9
87,5068,174,182,182,8
88,5102,174,181,182,8
89,5134,174,181,182,8
90,5167,174,181,182,8
91,5200,174,181,182,8
92,5238,175,181,182,7
93,5270,175,181,182,7
94,5310,174,181,182,8
95,5351,174,181,182,8
96,5385,173,181,183,9
97,5431,173,181,183,9
98,5475,172,181,183,11
99,5508,171,181,183,12
100,5541,170,181,182,13
101,5575,168,181,183,16
102,5610,167,180,182,17
103,5642,165,179,182,20
104,5675,164,179,181,21
105,5708,163,179,181,23
106,5740,160,179,181,27
107,5774,158,181,182,29
108,5805,153,180,182,36
109,5839,150,180,183,40
110,5871,142,177,184,51
111,5905,137,175,184,57
112,5939,135,168,180,60
113,5972,131,167,179,65
114,6006,130,164,177,67
115,6039,126,164,178,72
116,6069,125,163,177,73
117,6102,125,163,177,73
118,6134,124,163,177,75
119,6167,123,163,177,76
120,6199,121,164,178,79
121,6234,121,164,178,79
122,6267,118,163,178,83
123,6301,117,163,178,84
124,6332,116,162,177,85
125,6366,115,162,176,87
126,6398,114,159,177,88
127,6432,114,157,183,88
128,6463,113,155,184,89
129,6498,113,205,184,89
130,6537,113,208,185,89
131,6579,114,210,185,88
132,6611,114,210,186,88
133,6644,115,210,187,87
134,6680,116,210,188,85
135,6712,116,210,188,85
136,6745,115,209,188,87
137,6781,115,209,187,87
138,6816,114,210,187,88
139,6848,114,210,187,88
140,6878,114,211,187,88
141,6912,115,212,187,87
142,6946,115,212,188,87
143,6977,114,214,188,88
144,7010,115,213,188,87
145,7043,119,215,192,81
146,7073,122,213,193,77
147,7104,123,148,193,76
148,7136,131,164,176,65
149,7168,134,172,181,61
150,7201,146,175,179,45
151,7235,150,175,178,40
152,7269,156,176,178,32
153,7303,158,177,178,29
154,7334,161,177,179,25
155,7367,162,177,179,24
156,7398,165,178,180,20
157,7431,167,177,180,17
158,7464,169,177,180,15
159,7501,170,178,181,13
160,7534,171,178,181,12
161,7567,172,178,181,11
162,7601,173,178,181,9
163,7634,173,179,181,9
164,7665,174,178,181,8
165,7701,175,178,181,7
166,7733,175,178,180,7
167,7764,175,178,180,7
168,7797,175,179,181,7
169,7830,175,179,181,7
170,7865,175,179,181,7
171,7902,175,179,181,7
172,7944,175,179,181,7
173,7979,174,180,182,8
174,8025,174,180,182,8
175,8060,172,180,182,11
176,8098,172,179,182,11
177,8132,170,179,182,13
178,8169,169,178,181,15
179,8211,166,177,180,19
180,8245,160,172,176,27
181,8288,157,169,172,31
182,8321,151,167,172,39
183,8354,148,165,170,43
184,8388,142,163,171,51
185,8425,140,161,170,53
186,8460,137,161,170,57
187,8494,135,160,170,60
188,8528,131,161,171,65
189,8561,131,158,170,65
190,8593,129,157,169,68
191,8627,128,158,170,69
192,8660,126,155,170,72
193,8699,124,155,171,75
194,8729,123,152,191,76
195,8762,122,152,192,77
196,8794,122,150,192,77
197,8833,122,150,192,77
198,8870,121,149,192,79
199,8908,121,149,192,79
200,8939,121,150,191,79
201,8971,120,152,189,80
202,9004,120,153,189,80
203,9037,120,154,189,80
204,9069,120,156,172,80
205,9101,119,157,172,81
206,9135,119,158,172,81
207,9172,119,157,175,81
208,9203,117,253,196,84
209,9235,119,268,199,81
210,9278,136,141,177,59
211,9313,144,163,177,48
212,9345,153,169,175,36
213,9380,159,173,176,28
214,9412,161,174,176,25
215,9445,166,174,176,19
216,9481,168,174,177,16
217,9514,171,172,176,12
218,9546,173,172,176,9
219,9580,174,172,176,8
220,9614,175,170,176,7
221,9659,175,170,176,7
222,9695,175,170,176,7
223,9731,180,167,175,0
224,9763,182,166,177,0
225,9794,176,102,217,5
226,9828,169,304,205,15